action_type,action_code,abbreviation,communities,consumer_tags_AML,consumer_tags_Finance,consumer_tags_Regulatory,date_range_function,header_information_header_support,header_information_no_header_column,parents,pii_information_csv_column_encryption,pii_information_decrypt_method,pii_information_encryption_support,query_reference_database_name,query_reference_query,query_reference_query_version,report_file_name_pattern,report_name,schedule_crontab,schedule_timezone,start_date,_row_index,dataset,source_system
REPORT,3k_report_bop,KRB,"Chase_Field, Harrahs_Ak_Chin",False,True,False,get_current_date_6am,PdfHeader(),False,daily_transaction_mart_data_feed,"{ 'Last4SSN': slice(-4, None) }",bop_kms,,SDP,./scripts/WH/US_ALL/05_Queries/Reports_BOP/BOP/RPT_12_3K.sql,v2019.12.186777.0,AZ/3K_Report/{retail_property}/{ed_year}/{ed_month}/{ed_day}/WH_Deposit_Withdrawal_{retail_property}_Report_{ed_month}-{ed_day}-{ed_year}.csv,Deposit Withdrawal {retail_property} Report,5 17 * * *,Etc/UTC,2024-11-29 15:05:00,0,,
SENSOR,daily_transaction_mart_data_feed,DTMDFS,,,,,get_current_date_6am,,,,,,,SDP,"SELECT (SELECT case when max(""LAST_UPDATE_PLAYER_EVENT_CREATE_TIMESTAMP_LOCAL"") > '{{ To_date }}' then true                     else false end         FROM   sdp.core.customer_account c join sdp.core.domain d                 ON c.domain_id = d.domain_id         WHERE  domain_code = '{{ DomainCd }}')    and (SELECT case when max(""TRANSACTION_INSERT_LOCAL_TIME"") > '{{ To_date }}' then true                  else false end      FROM   sdp.core.wallet_transaction w join sdp.core.domain d              ON w.domain_id = d.domain_id      WHERE  domain_code = '{{ DomainCd }}')    and (SELECT case when max(""CREATE_LOCAL_AT"") > '{{ To_date }}' then true                  else false end      FROM   sdp.core.payment p join sdp.core.domain d              ON p.domain_id = d.domain_id      WHERE  domain_code = '{{ DomainCd }}')    and (SELECT case when max(ifnull(ifnull(""SETTLED_AT_LOCAL"",""PLACED_AT_LOCAL""), w.""SYSTEM_UPDATE_DATETIME"")) > '{{ To_date }}' then true                  else false end      FROM   sdp.core.bet w join sdp.core.domain d              ON w.domain_id = d.domain_id      WHERE  domain_code = '{{ DomainCd }}')    and (SELECT case when max(""MESSAGE_TIME_LOCAL"") > '{{ To_date }}' then true                  else false end      FROM   sdp.core.bet_asset_flow w join sdp.core.domain d              ON w.domain_id = d.domain_id      WHERE  domain_code = '{{ DomainCd }}')    and (SELECT sdp.audit.is_etl_completed('DAILY_TRANSACTION_MART_DATA_FEED',                                        '{{ DomainCd }}',                                        '{{ To_date }}')) ;",,,,5 17 * * *,Etc/UTC,,1,daily_transaction_mart_data_feed,AZ
REPORT,bop_cash_deposit_withdrawal_transaction_report,BCDWTR,,False,True,False,get_current_date_6am,PdfHeader(),False,daily_transaction_mart_data_feed,,,,SDP,./scripts/WH/US_ALL/05_Queries/Reports_BOP/BOP/RPT_13_CASH_DEPOSIT_WITHDRAWAL_TRANSACTION_POS.sql,v2020.03.206459.0,AZ/CASH_DEPOSIT_WITHDRAWAL_TRANSACTION_REPORT/{ed_year}/{ed_month}/{ed_day}/WH_Cash_Deposit_Withdrawal_Transaction_Report_{fd_month}-{fd_day}-{fd_year}.csv,Cash Deposit Withdrawal Transaction Report,5 17 * * *,Etc/UTC,2025-03-01 15:05:00,2,,
REPORT,daily_transaction_deposit_withdrawal_report_bop,DTDWRB,,False,True,False,get_current_date_6am,PdfHeader(),False,generic_reporting.az_004.recon_check,,,,SDP,./scripts/WH/US_ALL/05_Queries/Reports_BOP/BOP/RPT_17_DAILY_TRANSACTION_NO_BET.sql,v2020.03.206459.0,AZ/Daily_Deposit_Withdrawal/{ed_year}/{ed_month}/{ed_day}/WH_Daily_transaction_Deposit_Withdrawal_Report_{fd_month}-{fd_day}-{fd_year}.csv,Daily Deposit Withdrawal Report,5 17 * * *,Etc/UTC,2025-03-01 15:05:00,3,,
SENSOR,generic_reporting.az_004.recon_check,GR0CS,,,,,get_current_date_6am,,,,,,,SDP,"SELECT GENERIC_REPORTING.AZ_004.is_recon_completed('{{ REPORT_CODE }}',DATEADD(day,-1,'{{ To_date }}'::date));",,,,5 17 * * *,Etc/UTC,,4,generic_reporting.az_004.recon_check,AZ
REPORT,daily_transaction_report_bop,DTRB,,False,True,False,get_current_date_6am,PdfHeader(),False,generic_reporting.az_004.recon_check,,,,SDP,./scripts/WH/US_ALL/05_Queries/Reports_BOP/BOP/RPT_01_DAILY_TRANSACTION.sql,v2020.03.206459.0,AZ/Neo_Daily_Transaction/{ed_year}/{ed_month}/{ed_day}/WH_Daily_Transaction_Report_{fd_month}-{fd_day}-{fd_year}.csv,Daily Transaction Report,5 17 * * *,Etc/UTC,2025-03-01 15:05:00,5,,
REPORT,dormant_acct_report_bop,DARB,,False,True,False,get_date_range_for_static_from_date_6am,PdfHeader(),False,dormant_player_mart_data_feed,,,,SDP,./scripts/WH/US_ALL/05_Queries/Reports_BOP/BOP/RPT_02_DORMANT_ACCT.sql,v2.6.1_1.9_1.0,AZ/Dormant_Report/{ed_year}/{ed_month}/{ed_day}/WH_Dormant_Account_Report_{ed_month}-{ed_day}-{ed_year}.csv,Dormant Account Report,5 17 * * *,Etc/UTC,2021-08-28 15:05:00,6,,
SENSOR,dormant_player_mart_data_feed,DPMDFS,,,,,get_date_range_for_static_from_date_6am,,,,,,,SDP,"SELECT (SELECT case when max(""LAST_UPDATE_PLAYER_EVENT_CREATE_TIMESTAMP_LOCAL"") > '{{ To_date }}' then true                     else false end         FROM   sdp.core.customer_account c join sdp.core.domain d                 ON c.domain_id = d.domain_id         WHERE  domain_code = '{{ DomainCd }}')    and (SELECT case when max(""TRANSACTION_INSERT_LOCAL_TIME"") > '{{ To_date }}' then true                  else false end      FROM   sdp.core.wallet_transaction w join sdp.core.domain d              ON w.domain_id = d.domain_id      WHERE  domain_code = '{{ DomainCd }}')    and (SELECT case when max(""CREATE_LOCAL_AT"") > '{{ To_date }}' then true                  else false end      FROM   sdp.core.payment p join sdp.core.domain d              ON p.domain_id = d.domain_id      WHERE  domain_code = '{{ DomainCd }}')    and (SELECT case when max(ifnull(ifnull(""SETTLED_AT_LOCAL"",""PLACED_AT_LOCAL""), w.""SYSTEM_UPDATE_DATETIME"")) > '{{ To_date }}' then true                  else false end      FROM   sdp.core.bet w join sdp.core.domain d              ON w.domain_id = d.domain_id      WHERE  domain_code = '{{ DomainCd }}')    and (SELECT case when max(""MESSAGE_TIME_LOCAL"") > '{{ To_date }}' then true                  else false end      FROM   sdp.core.bet_asset_flow w join sdp.core.domain d              ON w.domain_id = d.domain_id      WHERE  domain_code = '{{ DomainCd }}')    and (SELECT sdp.audit.is_etl_completed('DORMANT_PLAYER_MART_DATA_FEED',                                        '{{ DomainCd }}',                                        '{{ To_date }}'));",,,,5 17 * * *,Etc/UTC,,7,dormant_player_mart_data_feed,AZ
REPORT,dtr_deposit_failed_backin_report,DDFBR,,False,True,False,get_current_date_6am,PdfHeader(),False,generic_reporting.az_004.recon_check,,,,SDP,./scripts/WH/US_ALL/05_Queries/Reports_BOP/BOP/RPT_20_DTR_DEPOSIT_FAILED_BACKIN.sql,v2020.03.206459.0,AZ/DTR_Deposit_Failed_Backin/{ed_year}/{ed_month}/{ed_day}/DTR_Deposit_Failed_Backin_Report_{fd_month}-{fd_day}-{fd_year}.csv,Dtr Deposit Failed Backin,45 17 * * *,Etc/UTC,2024-12-11 15:15:00,8,,
REPORT,forfeited_bonus_winnings_report_bop,FBWRB,,False,True,False,get_current_date_6am,PdfHeader(),False,generic_reporting.az_004.recon_check,,,,SDP,./scripts/WH/US_ALL/05_Queries/Reports_BOP/BOP/RPT_16_FORFEITED_BONUS.sql,v2020.03.206459.0,AZ/Forfeited_Bonus_Winnings/{ed_year}/{ed_month}/{ed_day}/WH_Forfeited_Bonus_Winnings_Report_{fd_month}-{fd_day}-{fd_year}.csv,Forfeited Bonus Winnings Report,15 17 * * *,Etc/UTC,2025-03-01 15:05:00,9,,
REPORT,liability_ticket_report_bop,LTRB,,False,True,False,get_current_date_6am,PdfHeader(),False,task_mart_sports_pool_digital_recap_bets,,,,SDP,./scripts/WH/US_ALL/05_Queries/Reports_BOP/BE/Daily/RPT_05_Sport_Liability_Ticket.sql,v2.6.1_1.9_1.0,AZ/Sport_Pool_Liability_Ticket/{ed_year}/{ed_month}/{ed_day}/sport-pool-liability-ticket-report-{fd_year}-{fd_month}-{fd_day}.csv,Sports Pool Liability Ticket Report,5 16 * * *,Etc/UTC,2025-03-01 15:05:00,10,,
SENSOR,task_mart_sports_pool_digital_recap_bets,TMSPDRBS,,,,,get_current_date_6am,,,,,,,SDP,"SELECT exists (SELECT 1                FROM   sdp.audit.digital_recap_report_audit                WHERE  domain_code = '{{ DomainCd }}'                   and report_date >= dateadd(day,-1,'{{ To_date }}'::date));",,,,5 16 * * *,Etc/UTC,,11,task_mart_sports_pool_digital_recap_bets,AZ
REPORT,month_to_date_transaction_deposit_withdrawal_report_bop,MTDTDWRB,,False,True,False,get_current_month_to_date_6am,PdfHeader(),False,daily_transaction_deposit_withdrawal_report_bop,,,,SDP,./scripts/WH/US_ALL/05_Queries/Reports_BOP/BOP/RPT_17_DAILY_TRANSACTION_NO_BET.sql,v2020.03.206459.0,AZ/Month_To_Date_Deposit_Withdrawal/{ed_year}/{ed_month}/{ed_day}/WH_Month_To_Date_Transaction_Deposit_Withdrawal_Report_-{fd_year}-{fd_month}-{fd_day}-to-{ed_year}-{ed_month}-{ed_day}.csv,Month To Date Transaction Deposit Withdrawal Report,5 17 * * *,Etc/UTC,2025-03-01 15:05:00,12,,
REPORT,noncashable_bonus_balance_report_bop,NBBRB,,False,True,False,get_current_date_6am,PdfHeader(),False,generic_reporting.az_004.recon_check,,,,SDP,./scripts/WH/US_ALL/05_Queries/Reports_BOP/BOP/RPT_06_NONCASHABLE_BONUS.sql,v2020.03.206459.0,AZ/Non-Cashable_Bonus_Balance/{ed_year}/{ed_month}/{ed_day}/WH_Non-Cashable_Bonus_Balance_Report_{fd_month}-{fd_day}-{fd_year}.csv,Non-cashable Bonus Balance Report,5 17 * * *,Etc/UTC,2025-03-01 15:05:00,13,,
REPORT,noncashable_bonus_balance_report_bop_month_to_date,NBBRBMTD,,False,True,False,get_current_month_to_date_6am,PdfHeader(),False,noncashable_bonus_balance_report_bop,,,,SDP,./scripts/WH/US_ALL/05_Queries/Reports_BOP/BOP/Monthly/RPT_06_NONCASHABLE_BONUS.sql,v2020.03.206459.0,AZ/Non-Cashable_Bonus_Balance_Month_To_Date/{ed_year}/{ed_month}/{ed_day}/WH_Non-Cashable_Bonus_Balance_Month_To_Date_Report_{fd_year}-{fd_month}-{fd_day}-to-{ed_year}-{ed_month}-{ed_day}.csv,Non-cashable Bonus Balance Month To Date Report,35 17 * * *,Etc/UTC,2025-03-01 15:35:00,14,,
REPORT,parlay_card_trading_report,PCTR,,False,True,False,get_current_week_6am,CsvHeader(),False,betting,,,,NJ_Prod,./scripts/WH/US_ALL/05_Queries/Report/RPT_10_Parlay_Card_Trading.sql,v2.6.1_1.9_1.0,AZ/Parlay_Card_Trading/{td_year}/{td_month}/{td_day}/parlay-card-trading-report-{td_year}-{td_month}-{td_day}.csv,Parlay Card Trading Report,30 16 * * 1,Etc/UTC,2024-11-29 15:05:00,15,,
SENSOR,betting,BS,,,,,get_current_week_6am,,,,,,,NJ_Prod,"SELECT ""Audit"".is_etl_completed('{{ DataSetNm }}',                                 '{{ SourceSystemCd }}',                                 '{{ To_date }}') as is_completed;",,,,30 16 * * 1,Etc/UTC,,16,betting,BE
REPORT,patron_account_summary_report_bop,PASRB,,False,True,False,get_current_date_6am,PdfHeader(),False,generic_reporting.az_004.recon_check,,,,SDP,./scripts/WH/US_ALL/05_Queries/Reports_BOP/BOP/RPT_04_PATRON_ACCOUNT_SUMMARY.sql,v2020.03.206459.0,AZ/Patron_Account_Summary/{ed_year}/{ed_month}/{ed_day}/WH_Patron_Account_Summary_Report_{fd_month}-{fd_day}-{fd_year}.csv,Patron Account Summary Report,5 17 * * *,Etc/UTC,2025-03-01 15:05:00,17,,
REPORT,patron_account_summary_report_bop_month_to_date,PASRBMTD,,False,True,False,get_current_month_to_date_6am,PdfHeader(),False,patron_account_summary_report_bop,,,,SDP,./scripts/WH/US_ALL/05_Queries/Reports_BOP/BOP/Monthly/RPT_04_PATRON_ACCOUNT_SUMMARY.sql,v2020.03.206459.0,AZ/Patron_Account_Summary_Month_To_Date/{ed_year}/{ed_month}/{ed_day}/WH_Patron_Account_Summary_Month_To_Date_Report_{fd_year}-{fd_month}-{fd_day}-to-{ed_year}-{ed_month}-{ed_day}.csv,Patron Account Summary Month To Date Report,35 17 * * *,Etc/UTC,2025-03-01 15:35:00,18,,
REPORT,patron_account_summary_report_bop_finance,PASRBF,,False,True,False,get_current_date_6am,PdfHeader(),False,generic_reporting.az_004.recon_check,,,,SDP,./scripts/WH/US_ALL/05_Queries/Reports_BOP/BOP/Finance/Daily/RPT_04_PATRON_ACCOUNT_SUMMARY.sql,v2020.03.206459.0,AZ/Patron_Account_Summary_Finance/{ed_year}/{ed_month}/{ed_day}/WH_Patron_Account_Summary_Report_Finance_{fd_month}-{fd_day}-{fd_year}.csv,Patron Account Summary Report Finance,5 17 * * *,Etc/UTC,2025-03-01 15:05:00,19,,
REPORT,patron_account_summary_report_bop_month_to_date_finance,PASRBMTDF,,False,True,False,get_current_month_to_date_6am,PdfHeader(),False,patron_account_summary_report_bop_finance,,,,SDP,./scripts/WH/US_ALL/05_Queries/Reports_BOP/BOP/Finance/Monthly/RPT_04_PATRON_ACCOUNT_SUMMARY.sql,v2020.03.206459.0,AZ/Patron_Account_Summary_Finance_Month_To_Date/{ed_year}/{ed_month}/{ed_day}/WH_Patron_Account_Summary_Finance_Month_To_Date_Report_{fd_year}-{fd_month}-{fd_day}-to-{ed_year}-{ed_month}-{ed_day}.csv,Patron Account Summary Month To Date Report Finance,35 17 * * *,Etc/UTC,2025-03-01 15:35:00,20,,
REPORT,patron_acct_adjust_report_bop,PAARB,,False,True,False,get_current_date_6am,PdfHeader(),False,generic_reporting.az_004.recon_check,,,,SDP,./scripts/WH/US_ALL/05_Queries/Reports_BOP/BOP/RPT_03_PATRON_ACCOUNT_ADJUSTMENT.sql,v2020.03.206459.0,AZ/PatronAccountAdjustment/{ed_year}/{ed_month}/{ed_day}/WH_PatronAccountAdjustment_Report_{fd_month}-{fd_day}-{fd_year}.csv,Patron Account Adjustment Report,5 17 * * *,Etc/UTC,2025-03-01 15:05:00,21,,
REPORT,patron_acct_adjust_report_month_to_date_bop,PAARMTDB,,False,True,False,get_current_month_to_date_6am,PdfHeader(),False,patron_acct_adjust_report_bop,,,,SDP,./scripts/WH/US_ALL/05_Queries/Reports_BOP/BOP/Monthly/RPT_03_PATRON_ACCOUNT_ADJUSTMENT.sql,v2020.03.206459.0,AZ/Patron_Account_Adjustment_Month_To_Date/{ed_year}/{ed_month}/{ed_day}/WH_Patron_Account_Adjustment_Month_To_Date_Report_{fd_year}-{fd_month}-{fd_day}-to-{ed_year}-{ed_month}-{ed_day}.csv,Patron Account Adjustment Month To Date Report,35 17 * * *,Etc/UTC,2025-03-01 15:35:00,22,,
REPORT,pending_wthdrwl_depst_report_bop,PWDRB,,False,True,False,get_current_date_6am,PdfHeader(),False,generic_reporting.az_004.recon_check,,,,SDP,./scripts/WH/US_ALL/05_Queries/Reports_BOP/BOP/RPT_05_PENDING_WITHDRAWAL_DEPOSIT.sql,v2020.03.206459.0,AZ/PendingTransaction/WithdrawalsAndDeposits/{ed_year}/{ed_month}/{ed_day}/WH_Pending_Withdrawal_and_Deposit_Transaction_Report_{fd_month}-{fd_day}-{fd_year}.csv,Pending Withdrawal And Deposit Report,5 17 * * *,Etc/UTC,2025-03-01 15:05:00,23,,
REPORT,problem_gamblers_report_bop,PGRB,,False,True,False,get_current_week_6am,PdfHeader(),False,problem_gambler_mart_data_feed,,,,SDP,./scripts/WH/US_ALL/05_Queries/Reports_BOP/BOP/RPT_07_PROBLEM_GAMBLER.sql,v2020.03.206459.0,AZ/Problem_Gamblers/{ed_year}/{ed_month}/{ed_day}/WH_Problem_Gamblers_Report_{fd_month}-{fd_day}-{fd_year}.csv,Problem Gamblers Report,5 16 * * 2,Etc/UTC,2025-03-01 15:05:00,24,,
SENSOR,problem_gambler_mart_data_feed,PGMDFS,,,,,get_current_week_6am,,,,,,,SDP,"SELECT (SELECT case when max(""LAST_UPDATE_PLAYER_EVENT_CREATE_TIMESTAMP_LOCAL"") > '{{ To_date }}' then true                     else false end         FROM   sdp.core.customer_account c join sdp.core.domain d                 ON c.domain_id = d.domain_id         WHERE  domain_code = '{{ DomainCd }}')    and (SELECT case when max(""TRANSACTION_INSERT_LOCAL_TIME"") > '{{ To_date }}' then true                  else false end      FROM   sdp.core.wallet_transaction w join sdp.core.domain d              ON w.domain_id = d.domain_id      WHERE  domain_code = '{{ DomainCd }}')    and (SELECT case when max(""CREATE_LOCAL_AT"") > '{{ To_date }}' then true                  else false end      FROM   sdp.core.payment p join sdp.core.domain d              ON p.domain_id = d.domain_id      WHERE  domain_code = '{{ DomainCd }}')    and (SELECT case when max(ifnull(ifnull(""SETTLED_AT_LOCAL"",""PLACED_AT_LOCAL""), w.""SYSTEM_UPDATE_DATETIME"")) > '{{ To_date }}' then true                  else false end      FROM   sdp.core.bet w join sdp.core.domain d              ON w.domain_id = d.domain_id      WHERE  domain_code = '{{ DomainCd }}')    and (SELECT case when max(""MESSAGE_TIME_LOCAL"") > '{{ To_date }}' then true                  else false end      FROM   sdp.core.bet_asset_flow w join sdp.core.domain d              ON w.domain_id = d.domain_id      WHERE  domain_code = '{{ DomainCd }}')    and (SELECT sdp.audit.is_etl_completed('PROBLEM_GAMBLER_MART_DATA_FEED',                                        '{{ DomainCd }}',                                        '{{ To_date }}')) ;",,,,5 16 * * 2,Etc/UTC,,25,problem_gambler_mart_data_feed,AZ
REPORT,retail_liability_ticket_report,RLTR,,False,True,False,get_current_date_6am,CsvHeader(),False,retail_liability_bets,,,,SDP,./scripts/WH/US_ALL/05_Queries/Reports_BOP/Retail/Daily/RPT_Retail_Sport_Liability_Ticket.sql,v2.6.1_1.9_1.0,AZ/Retail_Sport_Pool_Liability_Ticket/{ed_year}/{ed_month}/{ed_day}/retail-sport-pool-liability-ticket-report-{fd_year}-{fd_month}-{fd_day}.csv,Retail Sports Pool Liability Ticket Report,5 17 * * *,Etc/UTC,2024-11-29 15:05:00,26,,
SENSOR,retail_liability_bets,RLBS,,,,,get_current_date_6am,,,,,,,SDP,"SELECT exists (SELECT 1 FROM   SDP.RETAIL_MART.RETAIL_LIABILITY_BETS S WHERE  domain_code = '{{ DomainCd }}' and   GAMING_DATE >= dateadd(day,-1,'{{ To_date }}'::date) );",,,,5 17 * * *,Etc/UTC,,27,retail_liability_bets,BE
REPORT,retail_liability_ticket_report_per_community,RLTRPC,"Chase_Field, Harrahs_Ak_Chin, Arizona_Downs",False,True,False,get_current_date_6am,CsvHeader(),False,retail_liability_ticket_report,,,,SDP,./scripts/WH/US_ALL/05_Queries/Reports_BOP/Retail/Daily/RPT_Retail_Sport_Liability_Ticket_Per_Community.sql,v2.6.1_1.9_1.0,AZ/Retail_Sport_Pool_Liability_Ticket/{ed_year}/{ed_month}/{ed_day}/sports-pool-retail-liability-report-{community}-{fd_month}-{fd_day}.csv,Retail Sports Pool Liability Ticket Report,5 17 * * *,Etc/UTC,2024-11-29 15:05:00,28,,
REPORT,retail_recap_all_report,RRAR,,False,True,True,get_current_date_6am,PdfHeader(),False,retail_recap_sports_aggregate,,,,SDP,./scripts/WH/US_ALL/05_Queries/Reports_BOP/Retail/Daily/RPT_Retail_All_Recap.sql,v2.6.1_1.9_1.0,AZ/Retail_Recap_Daily_All/{ed_year}/{ed_month}/{ed_day}/sports-pool-retail-report-recap-all-daily-{fd_year}-{fd_month}-{fd_day}.csv,Retail Sports Pool Recap Report,5 17 * * *,Etc/UTC,2024-11-29 15:05:00,29,,
SENSOR,retail_recap_sports_aggregate,RRSAS,,,,,get_current_date_6am,,,,,,,SDP,"SELECT exists (SELECT 1 FROM   SDP.RETAIL_MART.RETAIL_RECAP_SPORTS_AGGREGATE S JOIN SDP.CORE.DOMAIN D ON D.DOMAIN_ID=S.DOMAIN_ID WHERE  domain_code = '{{ DomainCd }}' and   report_date >= dateadd(day,-1,'{{ To_date }}'::date) );",,,,5 17 * * *,Etc/UTC,,30,retail_recap_sports_aggregate,BE
REPORT,retail_recap_all_report_month_to_date,RRARMTD,,False,True,True,get_current_month_to_date_6am,PdfHeader(),False,retail_recap_all_report,,,,SDP,./scripts/WH/US_ALL/05_Queries/Reports_BOP/Retail/Monthly/RPT_Retail_All_Recap_MTD.sql,v2.6.1_1.9_1.0,AZ/Retail_Recap_All_Month_To_Date/{ed_year}/{ed_month}/{ed_day}/sports-pool-retail-recap-all-report-month-to-date-{fd_year}-{fd_month}-{fd_day}-to-{ed_year}-{ed_month}-{ed_day}.csv,Retail Sports Pool Recap Report Month To Date,35 17 * * *,Etc/UTC,2024-11-29 15:35:00,31,,
REPORT,retail_recap_all_report_year_to_date,RRARYTD,,False,True,False,get_current_year_to_date_6am,PdfHeader(),False,retail_recap_all_report,,,,SDP,./scripts/WH/US_ALL/05_Queries/Reports_BOP/Retail/Monthly/RPT_Retail_All_Recap_MTD.sql,v2.6.1_1.9_1.0,AZ/Retail_Recap_All_Year_To_Date/{ed_year}/{ed_month}/{ed_day}/sports-pool-retail-recap-all-report-year-to-date-{fd_year}-{fd_month}-{fd_day}-to-{ed_year}-{ed_month}-{ed_day}.csv,Retail Sports Pool Recap Report Year To Date,35 17 * * *,Etc/UTC,2025-01-01 15:35:00,32,,
REPORT,retail_recap_report_month_to_date,RRRMTD,"Chase_Field, Harrahs_Ak_Chin, Arizona_Downs",False,True,True,get_current_month_to_date_6am,PdfHeader(),False,retail_recap_all_report,,,,SDP,./scripts/WH/US_ALL/05_Queries/Reports_BOP/Retail/Monthly/RPT_Retail_Recap_MTD_per community.sql,v2.6.1_1.9_1.0,AZ/Retail_Recap_Month_To_Date_Per_Community/{ed_year}/{ed_month}/{ed_day}/sports-pool-retail-recap-report-{community}-month-to-date-{fd_year}-{fd_month}-{fd_day}-to-{ed_year}-{ed_month}-{ed_day}-{ed_year}.csv,Retail Sports Pool Recap Report Month To Date,35 17 * * *,Etc/UTC,2024-11-29 15:35:00,33,,
REPORT,retail_recap_report_per_community_year_to_date,RRRPCYTD,"Chase_Field, Harrahs_Ak_Chin, Arizona_Downs",False,True,False,get_current_year_to_date_6am,PdfHeader(),False,retail_recap_all_report,,,,SDP,./scripts/WH/US_ALL/05_Queries/Reports_BOP/Retail/Monthly/RPT_Retail_Recap_MTD_per community.sql,v2.6.1_1.9_1.0,AZ/Retail_Recap_Per_Community_Year_To_Date/{ed_year}/{ed_month}/{ed_day}/sports-pool-retail-recap-report-{community}-year-to-date-{fd_year}-{fd_month}-{fd_day}-to-{ed_year}-{ed_month}-{ed_day}.csv,Retail Sports Pool Recap Report Per Community Year To Date,35 17 * * *,Etc/UTC,2025-01-01 15:35:00,34,,
REPORT,retail_recap_report_per_community,RRRPC,"Chase_Field, Harrahs_Ak_Chin, Arizona_Downs",False,True,True,get_current_date_6am,PdfHeader(),False,retail_recap_all_report,,,,SDP,./scripts/WH/US_ALL/05_Queries/Reports_BOP/Retail/Daily/RPT_Retail_Recap_Daily_Per_Community.sql,v2.6.1_1.9_1.0,AZ/Retail_Recap_Daily_Per_Community/{ed_year}/{ed_month}/{ed_day}/sports-pool-retail-recap-report-{community}-daily-{ed_month}-{ed_day}-{ed_year}.csv,Retail Recap Report,5 17 * * *,Etc/UTC,2024-11-29 15:05:00,35,,
REPORT,retail_sports_pool_cancelled_ticket_report,RSPCTR,,False,True,False,get_current_date_6am,PdfHeader(),False,retail_recap_bets,,,,SDP,./scripts/WH/US_ALL/05_Queries/Reports_BOP/Retail/Daily/RPT_Retail_Cancelled_Ticket.sql,v2.6.1_1.9_1.0,AZ/Retail_Sports_Pool_Cancelled_Ticket/{ed_year}/{ed_month}/{ed_day}/retail-sports-pool-cancelled-ticket-report-{fd_year}-{fd_month}-{fd_day}.csv,Retail Sports Pool Cancelled Report,5 17 * * *,Etc/UTC,2024-11-29 15:05:00,36,,
SENSOR,retail_recap_bets,RRBS,,,,,get_current_date_6am,,,,,,,SDP,"SELECT exists (SELECT 1 FROM   SDP.RETAIL_MART.RETAIL_RECAP_BETS S JOIN SDP.CORE.DOMAIN D ON D.DOMAIN_ID=S.DOMAIN_ID WHERE  domain_code = '{{ DomainCd }}' and   report_date >= dateadd(day,-1,'{{ To_date }}'::date) );",,,,5 17 * * *,Etc/UTC,,37,retail_recap_bets,BE
REPORT,retail_sports_pool_cancelled_ticket_report_per_community,RSPCTRPC,"Chase_Field, Harrahs_Ak_Chin, Arizona_Downs",False,True,False,get_current_date_6am,CsvHeader(),False,retail_sports_pool_cancelled_ticket_report,,,,SDP,./scripts/WH/US_ALL/05_Queries/Reports_BOP/Retail/Daily/RPT_Retail_Cancelled_Ticket_Per_Community.sql,v2.6.1_1.9_1.0,AZ/Retail_Sports_Pool_Cancelled_Ticket_Per_Community/{ed_year}/{ed_month}/{ed_day}/retail-sports-pool-cancelled-ticket-report-{community}-{fd_year}-{fd_month}-{fd_day}.csv,Retail Sports Pool Cancelled Report,5 17 * * *,Etc/UTC,2024-11-29 15:05:00,38,,
REPORT,retail_sports_pool_expired_ticket_report,RSPETR,,False,True,False,get_current_date_6am,CsvHeader(),False,retail_recap_bets,,,,SDP,./scripts/WH/US_ALL/05_Queries/Reports_BOP/Retail/Daily/RPT_Retail_Sports_Pool_Expired_Ticket.sql,v2.6.1_1.9_1.0,AZ/Retail_Sports_Pool_Expired_Ticket/{ed_year}/{ed_month}/{ed_day}/retail-expired-ticket-report-{fd_year}-{fd_month}-{fd_day}.csv,Retail Sports Pool Expired Report,5 17 * * *,Etc/UTC,2024-11-29 15:05:00,39,,
REPORT,retail_sports_pool_expired_ticket_report_per_community,RSPETRPC,"Chase_Field, Harrahs_Ak_Chin, Arizona_Downs",False,True,False,get_current_date_6am,CsvHeader(),False,retail_sports_pool_expired_ticket_report,,,,SDP,./scripts/WH/US_ALL/05_Queries/Reports_BOP/Retail/Daily/RPT_Retail_Sports_Pool_Expired_Ticket_Per_Community.sql,v2.6.1_1.9_1.0,AZ/Retail_Sports_Pool_Expired_Ticket_Per_Community/{ed_year}/{ed_month}/{ed_day}/retail-expired-ticket-report-{community}-{fd_year}-{fd_month}-{fd_day}.csv,Retail Sports Pool Expired Report Per Community,5 17 * * *,Etc/UTC,2024-11-29 15:05:00,40,,
REPORT,retail_sports_pool_pending_voidscancels_lifetime_to_date,RSPPVLTD,,False,True,False,get_current_date_6am,CsvHeader(),False,retail_recap_bets,,,,SDP,./scripts/WH/US_ALL/05_Queries/Reports_BOP/Retail/Daily/RPT_Retail_Pending_VoidsCancels_Lifetime_To_Date.sql,v2.6.1_1.9_1.0,AZ/Retail_Sports_Pool_Pending_VoidsCancels_Lifetime_To_Date/{ed_year}/{ed_month}/{ed_day}/retail-sports-pool-pending-voidscancels-lifetime-to-date-report-{fd_year}-{fd_month}-{fd_day}.csv,Retail Sports Pool Pending Voids/cancels Lifetime To Date Report,5 17 * * *,Etc/UTC,2024-11-29 15:05:00,41,,
REPORT,retail_sports_pool_pending_voidscancels_lifetime_to_date_per_community,RSPPVLTDPC,"Chase_Field, Harrahs_Ak_Chin, Arizona_Downs",False,True,False,get_current_date_6am,CsvHeader(),False,retail_sports_pool_pending_voidscancels_lifetime_to_date,,,,SDP,./scripts/WH/US_ALL/05_Queries/Reports_BOP/Retail/Daily/RPT_Retail_Pending_VoidsCancels_Lifetime_To_Date_Per_Community.sql,v2.6.1_1.9_1.0,AZ/Retail_Sports_Pool_Pending_VoidsCancels_Lifetime_To_Date_Per_Community/{ed_year}/{ed_month}/{ed_day}/retail-sports-pool-pending-voidscancels-Lifetime-To-Date-report-{community}-{fd_year}-{fd_month}-{fd_day}.csv,Retail Sports Pool Pending Voids/cancels Lifetime To Date Report Per Community,5 17 * * *,Etc/UTC,2024-11-29 15:05:00,42,,
REPORT,retail_sports_pool_pending_voidscancels_report,RSPPVR,,False,True,False,get_current_date_6am,CsvHeader(),False,retail_recap_bets,,,,SDP,./scripts/WH/US_ALL/05_Queries/Reports_BOP/Retail/Daily/RPT_Retail_Pending_VoidsCancels.sql,v2.6.1_1.9_1.0,AZ/Retail_Sports_Pool_Pending_VoidsCancels/{ed_year}/{ed_month}/{ed_day}/retail-sports-pool-pending-voidscancels-report-{fd_year}-{fd_month}-{fd_day}.csv,Retail Sports Pool Pending Voids/cancels Report,45 17 * * *,Etc/UTC,2024-11-29 15:05:00,43,,
REPORT,retail_sports_pool_pending_voidscancels_report_per_community,RSPPVRPC,"Chase_Field, Harrahs_Ak_Chin, Arizona_Downs",False,True,False,get_current_date_6am,CsvHeader(),False,retail_sports_pool_pending_voidscancels_report,,,,SDP,./scripts/WH/US_ALL/05_Queries/Reports_BOP/Retail/Daily/RPT_Retail_Pending_VoidsCancels_Per_Community.sql,v2.6.1_1.9_1.0,AZ/Retail_Sports_Pool_Pending_VoidsCancels_Per_Community/{ed_year}/{ed_month}/{ed_day}/retail-sports-pool-pending-voidscancels-report-{community}-{fd_year}-{fd_month}-{fd_day}.csv,Retail Sports Pool Pending Voids/cancels Report Per Community,5 17 * * *,Etc/UTC,2024-11-29 15:05:00,44,,
REPORT,retail_sports_pool_resettlement_report,RSPRR,,False,True,False,get_current_date_6am,CsvHeader(),False,retail_sport_pool_resettlement,,,,SDP,./scripts/WH/US_ALL/05_Queries/Reports_BOP/Retail/Daily/Retail_SP_Resettlement.sql,v2.6.1_1.9_1.0,AZ/Retail_Sports_Pool_Resettlement_Ticket/{ed_year}/{ed_month}/{ed_day}/retail-sports-pool-resettlement-ticket-report-{fd_year}-{fd_month}-{fd_day}.csv,Retail Sports Pool Resettlement Report,5 17 * * *,Etc/UTC,2024-11-29 15:05:00,45,,
SENSOR,retail_sport_pool_resettlement,RSPRS,,,,,get_current_date_6am,,,,,,,SDP,"SELECT (SELECT case when max(ifnull(ifnull(SETTLED_AT_LOCAL,PLACED_AT_LOCAL), w.SYSTEM_UPDATE_DATETIME)) > '{{ To_date }}' then true else false end FROM sdp.core.bet w join sdp.core.domain d ON w.domain_id = d.domain_id WHERE  domain_code = '{{ DomainCd }}' ) and (SELECT case when max(MESSAGE_TIME_LOCAL)> '{{ To_date }}' then true else false end FROM sdp.core.bet_asset_flow w join sdp.core.domain d ON w.domain_id = d.domain_id WHERE  domain_code = '{{ DomainCd }}' ) and ( SELECT case when count(*)>0 then true else false end FROM AUDIT.TASK_STEP_EXECUTION WHERE TASK_STEP_NAME = ' MERGE_RETAIL_SPORT_POOL_RESETTLEMENT_DATA ' AND TASK_STEP_STATUS = 'COMPLETED' AND TASK_STEP_EXECUTION_STATUS = 'SUCCESS' and EXECUTION_DATE >= '{{ To_date }}' ) ;",,,,5 17 * * *,Etc/UTC,,46,retail_sport_pool_resettlement,BE
REPORT,retail_sports_pool_resettlement_report_per_community,RSPRRPC,"Chase_Field, Harrahs_Ak_Chin, Arizona_Downs",False,True,False,get_current_date_6am,CsvHeader(),False,retail_sports_pool_resettlement_report,,,,SDP,./scripts/WH/US_ALL/05_Queries/Reports_BOP/Retail/Daily/Retail_SP_Resettlement_Per_Community.sql,v2.6.1_1.9_1.0,AZ/Retail_Sports_Pool_Resettlement_Ticket_Per_Community/{ed_year}/{ed_month}/{ed_day}/retail-sports-pool-resettlement-ticket-report-{community}-{fd_year}-{fd_month}-{fd_day}.csv,Retail Sports Pool Resettlement Report,5 17 * * *,Etc/UTC,2024-11-29 15:05:00,47,,
REPORT,retail_sports_pool_results_report,RSPRRE,,False,True,False,get_current_date_6am,CsvHeader(),False,retail_sport_pool_transaction,,,,SDP,./scripts/WH/US_ALL/05_Queries/Reports_BOP/Retail/Daily/RPT_Retail_Sports_Pool_Results_Ticket.sql,v2.6.1_1.9_1.0,AZ/Retail_Sports_Pool_Results/{ed_year}/{ed_month}/{ed_day}/retail-sports-pool-results-ticket-report-{fd_year}-{fd_month}-{fd_day}.csv,Retail Sports Pool Results Report,5 17 * * *,Etc/UTC,2024-11-29 15:05:00,48,,
SENSOR,retail_sport_pool_transaction,RSPTS,,,,,get_current_date_6am,,,,,,,SDP,"SELECT exists (SELECT 1 FROM   SDP.RETAIL_MART.RETAIL_SPORT_POOL_TRANSACTION S JOIN SDP.CORE.DOMAIN D ON D.DOMAIN_ID=S.DOMAIN_ID WHERE  domain_code = '{{ DomainCd }}' and   GAMING_DATE >= dateadd(day,-1,'{{ To_date }}'::date) );",,,,5 17 * * *,Etc/UTC,,49,retail_sport_pool_transaction,BE
REPORT,retail_sports_pool_results_report_per_community,RSPRRPCE,"Chase_Field, Harrahs_Ak_Chin, Arizona_Downs",False,True,False,get_current_date_6am,CsvHeader(),False,retail_sports_pool_results_report,,,,SDP,./scripts/WH/US_ALL/05_Queries/Reports_BOP/Retail/Daily/RPT_Retail_Sports_Pool_Results_Ticket_Per_Community.sql,v2.6.1_1.9_1.0,AZ/Retail_Sports_Pool_Results_Per_Community/{ed_year}/{ed_month}/{ed_day}/retail-sports-pool-results-ticket-report-{community}-{fd_year}-{fd_month}-{fd_day}.csv,Retail Sports Pool Results Report Per Community,5 17 * * *,Etc/UTC,2024-11-29 15:05:00,50,,
REPORT,retail_sports_pool_transaction_per_community_month_to_date,RSPTPCMTD,"Chase_Field, Harrahs_Ak_Chin, Arizona_Downs",False,True,False,get_current_month_to_date_6am,PdfHeader(),False,retail_sports_pool_transaction_report,,,,SDP,./scripts/WH/US_ALL/05_Queries/Reports_BOP/Retail/Daily/RPT_Retail_Sport_Transaction_Per_Community.sql,v2.6.1_1.9_1.0,AZ/Retail_Sport_Pool_Transaction_Per_Community_Month_To_Date/{ed_year}/{ed_month}/{ed_day}/retail-sport-pool-transaction-report-{community}-Month_To-Date-{fd_year}-{fd_month}-{fd_day}-to-{ed_year}-{ed_month}-{ed_day}.csv,Retail Sports Pool Transaction Report Per Community Month To Date,35 17 * * *,Etc/UTC,2024-11-29 15:35:00,51,,
REPORT,retail_sports_pool_transaction_report,RSPTR,,False,True,False,get_current_date_6am,CsvHeader(),False,retail_sport_pool_transaction,,,,SDP,./scripts/WH/US_ALL/05_Queries/Reports_BOP/Retail/Daily/RPT_Retail_Sport_Transaction.sql,v2.6.1_1.9_1.0,AZ/Retail_Sport_Pool_Transaction/{ed_year}/{ed_month}/{ed_day}/retail-sport-pool-transaction-report-{fd_year}-{fd_month}-{fd_day}.csv,Retail Sports Pool Transaction Report,5 17 * * *,Etc/UTC,2024-11-29 15:05:00,52,,
REPORT,retail_sports_pool_transaction_report_per_community,RSPTRPC,"Chase_Field, Harrahs_Ak_Chin, Arizona_Downs",False,True,False,get_current_date_6am,CsvHeader(),False,retail_sports_pool_transaction_report,,,,SDP,./scripts/WH/US_ALL/05_Queries/Reports_BOP/Retail/Daily/RPT_Retail_Sport_Transaction_Per_Community.sql,v2.6.1_1.9_1.0,AZ/Retail_Sport_Pool_Transaction_Per_Community/{ed_year}/{ed_month}/{ed_day}/retail-sport-pool-transaction-report-{community}-{fd_year}-{fd_month}-{fd_day}.csv,Retail Sports Pool Transaction Report Per Community,5 17 * * *,Etc/UTC,2024-11-29 15:05:00,53,,
REPORT,retail_sports_pool_voided_ticket_report,RSPVTR,,False,True,False,get_current_date_6am,PdfHeader(),False,retail_recap_bets,,,,SDP,./scripts/WH/US_ALL/05_Queries/Reports_BOP/Retail/Daily/RPT_Retail_Sports_Voided_Ticket.sql,v2.6.1_1.9_1.0,AZ/Retail_Sports_Pool_Voided_Ticket/{ed_year}/{ed_month}/{ed_day}/retail-sports-pool-voided-ticket-report-{fd_year}-{fd_month}-{fd_day}.csv,Retail Sports Pool Voided Report,5 17 * * *,Etc/UTC,2024-11-29 15:05:00,54,,
REPORT,retail_sports_pool_voided_ticket_report_per_community,RSPVTRPC,"Chase_Field, Harrahs_Ak_Chin, Arizona_Downs",False,True,False,get_current_date_6am,PdfHeader(),False,retail_sports_pool_voided_ticket_report,,,,SDP,./scripts/WH/US_ALL/05_Queries/Reports_BOP/Retail/Daily/RPT_Retail_Sports_Voided_Ticket_Per_Community.sql,v2.6.1_1.9_1.0,AZ/Retail_Sports_Pool_Voided_Ticket_Per_Community/{ed_year}/{ed_month}/{ed_day}/retail-sports-pool-voided-{community}-ticket-report-{fd_year}-{fd_month}-{fd_day}.csv,Retail Sports Pool Voided Report,5 17 * * *,Etc/UTC,2024-11-29 15:05:00,55,,
REPORT,retail_unpaid_ticket_report,RUTR,,False,True,False,get_current_date_6am,CsvHeader(),False,retail_recap_bets,,,,SDP,./scripts/WH/US_ALL/05_Queries/Reports_BOP/Retail/Daily/RPT_Retail_Unpaid_Ticket.sql,v2.6.1_1.9_1.0,AZ/Retail_Unpaid_Ticket/{ed_year}/{ed_month}/{ed_day}/retail-unpaid-ticket-report-{fd_year}-{fd_month}-{fd_day}.csv,Retail Unpaid Ticket Report,5 17 * * *,Etc/UTC,2024-11-29 15:05:00,56,,
REPORT,retail_unpaid_ticket_report_per_community,RUTRPC,"Chase_Field, Harrahs_Ak_Chin, Arizona_Downs",False,True,False,get_current_date_6am,CsvHeader(),False,retail_unpaid_ticket_report,,,,SDP,./scripts/WH/US_ALL/05_Queries/Reports_BOP/Retail/Daily/RPT_Retail_Unpaid_Ticket_Per_Community.sql,v2.6.1_1.9_1.0,AZ/Retail_Unpaid_Ticket_Per_Community/{ed_year}/{ed_month}/{ed_day}/retail-unpaid-ticket-report-{community}-{fd_year}-{fd_month}-{fd_day}.csv,Retail Unpaid Ticket Report Per Community,5 17 * * *,Etc/UTC,2024-11-29 15:05:00,57,,
REPORT,rosi_big_transactions_report_all,RBTRA,,False,True,False,get_current_date_6am,PdfHeader(),False,business_activity,,,,NJ_Prod,./scripts/WH/US_ALL/05_Queries/Report/Rosi/Rosi_Generic_Reporting/RPT_Big_Transactions_All.sql,v2.6.1_1.9_1.0,AZ/Rosi_Big_Transactions_All/{ed_year}/{ed_month}/{ed_day}/Rosi-Big-Transactions-Report-AZ-{ed_month}-{ed_day}-{ed_year}.pdf,Rosi Big Transactions Report All,0 16 * * *,Etc/UTC,2024-12-13 15:00:00,58,,
SENSOR,business_activity,BAS,,,,,get_current_date_6am,,,,,,,NJ_Prod,"call ""Audit"".IS_ROSI_INGESTION_COMPLETE('{{DomainCd}}', REPLACE('{{SourceSystemCd}}', '_{{ state }}', ''), '{{ DataSetNm }}' , '{{To_date}}','{{DomainCd}}');",,,,0 16 * * *,Etc/UTC,,59,business_activity,money_management
REPORT,rosi_big_transactions_report_per_community,RBTRPC,"Chase_Field, Harrahs_Ak_Chin, Arizona_Downs",False,True,False,get_current_date_6am,PdfHeader(),False,rosi_big_transactions_report_all,,,,NJ_Prod,./scripts/WH/US_ALL/05_Queries/Report/Rosi/RPT_Big_Transactions_Per_Community.sql,v2.6.1_1.9_1.0,AZ/Rosi_Big_Transactions_Per_Community/{ed_year}/{ed_month}/{ed_day}/Rosi-Big-Transactions-Report-{community}-{ed_month}-{ed_day}-{ed_year}.csv,Rosi Big Transactions Report,15 17 * * *,Etc/UTC,2024-08-26 15:15:00,60,,
REPORT,rosi_bill_denominations_all,RBDA,,False,True,False,get_current_date_6am,PdfHeader(),False,business_activity,,,,NJ_Prod,./scripts/WH/US_ALL/05_Queries/Report/Rosi/Rosi_Generic_Reporting/RPT_Rosi_Bill_Denominations_All.sql,v2.6.1_1.9_1.0,AZ/Rosi_Bill_Denominations_All/{ed_year}/{ed_month}/{ed_day}/Rosi-Bill-Denominations-Report-AZ-{ed_month}-{ed_day}-{ed_year}.csv,Rosi Bill Denominations Report All,0 16 * * *,Etc/UTC,2024-12-13 15:00:00,61,,
REPORT,rosi_bill_denominations_per_community,RBDPC,"Chase_Field, Harrahs_Ak_Chin, Arizona_Downs",False,True,False,get_current_date_6am,PdfHeader(),False,rosi_bill_denominations_all,,,,NJ_Prod,./scripts/WH/US_ALL/05_Queries/Report/Rosi/RPT_Rosi_Bill_Denominations_Per_Community.sql,v2.6.1_1.9_1.0,AZ/Rosi_Bill_Denominations_Per_Community/{ed_year}/{ed_month}/{ed_day}/Rosi-Bill-Denominations-Report-{community}-{ed_month}-{ed_day}-{ed_year}.csv,Rosi Bill Denominations Report,15 17 * * *,Etc/UTC,2024-08-26 15:15:00,62,,
REPORT,rosi_cash_balances_all,RCBA,,False,True,False,get_current_date_6am,PdfHeader(),False,"account, accountbalance",,,,NJ_Prod,./scripts/WH/US_ALL/05_Queries/Report/Rosi/RPT_Rosi_Cash_Balances_All.sql,v2.6.1_1.9_1.0,AZ/Rosi_Cash_Balances_All/{ed_year}/{ed_month}/{ed_day}/Rosi-Cash-Balances-Report-AZ-{ed_month}-{ed_day}-{ed_year}.csv,Rosi Cash Balances Report All,0 16 * * *,Etc/UTC,2024-12-13 15:00:00,63,,
SENSOR,account,AS,,,,,get_current_date_6am,,,,,,,NJ_Prod,"SELECT ""Audit"".is_etl_completed('{{ DataSetNm }}',                                 '{{ SourceSystemCd }}',                                 '{{ To_date }}') as is_completed;",,,,0 16 * * *,Etc/UTC,,64,account,ROSI
SENSOR,accountbalance,ASC,,,,,get_current_date_6am,,,,,,,NJ_Prod,"SELECT ""Audit"".is_etl_completed('{{ DataSetNm }}',                                 '{{ SourceSystemCd }}',                                 '{{ To_date }}') as is_completed;",,,,0 16 * * *,Etc/UTC,,65,accountbalance,ROSI
REPORT,rosi_cash_balances_per_community,RCBPC,"Chase_Field, Harrahs_Ak_Chin, Arizona_Downs",False,True,False,get_current_date_6am,PdfHeader(),False,rosi_cash_balances_all,,,,NJ_Prod,./scripts/WH/US_ALL/05_Queries/Report/Rosi/RPT_Rosi_Cash_Balances_Per_Community.sql,v2.6.1_1.9_1.0,AZ/Rosi_Cash_Balances_Per_Community/{ed_year}/{ed_month}/{ed_day}/Rosi-Cash-Balances-Report-{community}-{ed_month}-{ed_day}-{ed_year}.csv,Rosi Cash Balances Report,15 17 * * *,Etc/UTC,2024-08-26 15:15:00,66,,
REPORT,rosi_daily_transactions_report_all,RDTRA,,False,True,False,get_current_date_6am,PdfHeader(),False,"account, businessactivity",,,,NJ_Prod,./scripts/WH/US_ALL/05_Queries/Report/Rosi/RPT_Rosi_Daily_Transactions_All.sql,v2.6.1_1.9_1.0,AZ/Rosi_Daily_Transactions_All/{ed_year}/{ed_month}/{ed_day}/Rosi-Daily-Transactions-Report-All-AZ-{ed_month}-{ed_day}-{ed_year}.csv,Rosi Daily Transactions Report All,0 16 * * *,Etc/UTC,2024-12-13 15:00:00,67,,
SENSOR,businessactivity,BSU,,,,,get_current_date_6am,,,,,,,NJ_Prod,"SELECT ""Audit"".is_etl_completed('{{ DataSetNm }}',                                 '{{ SourceSystemCd }}',                                 '{{ To_date }}') as is_completed;",,,,0 16 * * *,Etc/UTC,,68,businessactivity,ROSI
REPORT,rosi_daily_transactions_report_per_community,RDTRPC,"Chase_Field, Harrahs_Ak_Chin, Arizona_Downs",False,True,False,get_current_date_6am,PdfHeader(),False,rosi_daily_transactions_report_all,,,,NJ_Prod,./scripts/WH/US_ALL/05_Queries/Report/Rosi/RPT_Rosi_Daily_Transactions_Per_Community.sql,v2.6.1_1.9_1.0,AZ/Rosi_Daily_Transactions_Per_Community/{ed_year}/{ed_month}/{ed_day}/rosi-daily-transactions-report-{community}-{ed_month}-{ed_day}-{ed_year}.csv,Rosi Daily Transactions Report,15 17 * * *,Etc/UTC,2024-08-26 15:15:00,69,,
REPORT,rosi_electronic_accounting_report_all,REARA,,False,True,False,get_current_date_6am,PdfHeader(),False,business_activity,,,,NJ_Prod,./scripts/WH/US_ALL/05_Queries/Report/Rosi/Rosi_Generic_Reporting/RPT_Electronic_Accounting_All.sql,v2.6.1_1.9_1.0,AZ/Rosi_Electronic_Accounting_All/{ed_year}/{ed_month}/{ed_day}/Rosi-Electronic-Accounting-Report-{ed_month}-{ed_day}-{ed_year}.csv,Rosi Electronic Accounting Report All,0 16 * * *,Etc/UTC,2024-12-13 15:00:00,70,,
REPORT,rosi_electronic_accounting_report_per_community,REARPC,"Chase_Field, Harrahs_Ak_Chin, Arizona_Downs",False,True,False,get_current_date_6am,PdfHeader(),False,rosi_electronic_accounting_report_all,,,,NJ_Prod,./scripts/WH/US_ALL/05_Queries/Report/Rosi/RPT_Electronic_Accounting_Per_Community.sql,v2.6.1_1.9_1.0,AZ/Rosi_Electronic_Accounting_Per_Community/{ed_year}/{ed_month}/{ed_day}/Rosi-Electronic-Accounting-Report-{community}-{ed_month}-{ed_day}-{ed_year}.csv,Rosi Electronic Accounting Report,15 17 * * *,Etc/UTC,2024-08-26 15:15:00,71,,
REPORT,rosi_irs_paids_all,RIPA,,False,True,False,get_current_date_6am,PdfHeader(),False,"activity_tax, activity_tax_line, business_activity",,,,NJ_Prod,./scripts/WH/US_ALL/05_Queries/Report/Rosi/Rosi_Generic_Reporting/RPT_Rosi_IRS_Paids_All.sql,v2.6.1_1.9_1.0,AZ/Rosi_IRS_Paids_All/{ed_year}/{ed_month}/{ed_day}/Rosi-IRS-Paids-Report-All-AZ-{ed_month}-{ed_day}-{ed_year}.csv,Rosi Irs Paids Report,0 16 * * *,Etc/UTC,2024-12-13 15:00:00,72,,
SENSOR,activity_tax,ATS,,,,,get_current_date_6am,,,,,,,NJ_Prod,"call ""Audit"".IS_ROSI_INGESTION_COMPLETE('{{DomainCd}}', REPLACE('{{SourceSystemCd}}', '_{{ state }}', ''), '{{ DataSetNm }}' , '{{To_date}}','{{DomainCd}}');",,,,0 16 * * *,Etc/UTC,,73,activity_tax,money_management
SENSOR,activity_tax_line,ATLS,,,,,get_current_date_6am,,,,,,,NJ_Prod,"call ""Audit"".IS_ROSI_INGESTION_COMPLETE('{{DomainCd}}', REPLACE('{{SourceSystemCd}}', '_{{ state }}', ''), '{{ DataSetNm }}' , '{{To_date}}','{{DomainCd}}');",,,,0 16 * * *,Etc/UTC,,74,activity_tax_line,money_management
REPORT,rosi_irs_paids_per_community,RIPPC,"Chase_Field, Harrahs_Ak_Chin, Arizona_Downs",False,True,False,get_current_date_6am,PdfHeader(),False,rosi_irs_paids_all,,,,NJ_Prod,./scripts/WH/US_ALL/05_Queries/Report/Rosi/RPT_Rosi_IRS_Paids_Per_Community.sql,v2.6.1_1.9_1.0,AZ/Rosi_IRS_Paids_Per_Community/{ed_year}/{ed_month}/{ed_day}/Rosi-IRS-Paids-Report-{community}-{ed_month}-{ed_day}-{ed_year}.csv,Rosi Irs Paids Report,15 17 * * *,Etc/UTC,2024-08-26 15:15:00,75,,
REPORT,rosi_irs_paids_report_month_to_date,RIPRMTD,,False,True,False,get_current_month_to_date_6am,PdfHeader(),False,rosi_irs_paids_all,,,,NJ_Prod,./scripts/WH/US_ALL/05_Queries/Report/Rosi/RPT_Rosi_IRS_Paids_MTD_YTD.sql,v2020.03.206459.0,AZ/Rosi_IRS_Paids_All_Month_To_Date/{ed_year}/{ed_month}/{ed_day}/Rosi-IRS-Paids-Report-All-MTD-AZ-{ed_month}-{ed_day}-{ed_year}.csv,Rosi Irs Paids Month To Date Report,30 16 * * *,Etc/UTC,2024-12-01 15:30:00,76,,
REPORT,rosi_irs_paids_report_year_to_date,RIPRYTD,,False,True,False,get_current_year_to_date_6am,PdfHeader(),False,rosi_irs_paids_all,,,,NJ_Prod,./scripts/WH/US_ALL/05_Queries/Report/Rosi/RPT_Rosi_IRS_Paids_MTD_YTD.sql,v2020.03.206459.0,AZ/Rosi_IRS_Paids_All_Year_To_Date/{ed_year}/{ed_month}/{ed_day}/Rosi-IRS-Paids-Report-All-YTD-AZ-{ed_month}-{ed_day}-{ed_year}.csv,Rosi Irs Paids Year To Date Report,30 16 * * *,Etc/UTC,2024-12-01 15:30:00,77,,
REPORT,rosi_patron_kiosk_activity_report_per_community,RPKARPC,"Chase_Field, Harrahs_Ak_Chin, Arizona_Downs",False,True,False,get_current_date_6am,CsvHeader(),False,"player, businessactivity",,,,NJ_Prod,./scripts/WH/US_ALL/05_Queries/Report/Rosi/RPT_Rosi_Patron_Kiosk_Activity_All.sql,v2.6.1_1.9_1.0,AZ/Rosi_Patron_Kiosk_Activity_Per_Community/{ed_year}/{ed_month}/{ed_day}/Rosi-Patron-Kiosk-Activity-Report-{community}-{ed_month}-{ed_day}-{ed_year}.csv,Rosi Patron Kiosk Activity Report,0 16 * * *,Etc/UTC,2024-08-26 14:00:00,78,,
SENSOR,player,PS,,,,,get_current_date_6am,,,,,,,NJ_Prod,"SELECT ""Audit"".is_etl_completed('{{ DataSetNm }}',                                 '{{ SourceSystemCd }}',                                 '{{ To_date }}') as is_completed;",,,,0 16 * * *,Etc/UTC,,79,player,ROSI
REPORT,rosi_teller_balance_by_cage_report_all,RTBBCRA,,False,True,False,get_current_date_6am,PdfHeader(),False,"business_activity, account, account_balance, running_account_balance",,,,NJ_Prod,./scripts/WH/US_ALL/05_Queries/Report/Rosi/Rosi_Generic_Reporting/RPT_Rosi_Teller_Balance_By_Cage_All.sql,v2.6.1_1.9_1.0,AZ/Rosi_Teller_Balance_By_Cage_All/{ed_year}/{ed_month}/{ed_day}/Rosi-Teller-Balance-By-Cage-Report-All-AZ-{ed_month}-{ed_day}-{ed_year}.csv,Rosi Teller Balance By Cage Report All,0 16 * * *,Etc/UTC,2024-12-13 15:00:00,80,,
SENSOR,account_balance,ABS,,,,,get_current_date_6am,,,,,,,NJ_Prod,"call ""Audit"".IS_ROSI_INGESTION_COMPLETE('{{DomainCd}}', REPLACE('{{SourceSystemCd}}', '_{{ state }}', ''), '{{ DataSetNm }}' , '{{To_date}}','{{DomainCd}}');",,,,0 16 * * *,Etc/UTC,,81,account_balance,money_management
SENSOR,running_account_balance,RABS,,,,,get_current_date_6am,,,,,,,NJ_Prod,"call ""Audit"".IS_ROSI_INGESTION_COMPLETE('{{DomainCd}}', REPLACE('{{SourceSystemCd}}', '_{{ state }}', ''), '{{ DataSetNm }}' , '{{To_date}}','{{DomainCd}}');",,,,0 16 * * *,Etc/UTC,,82,running_account_balance,money_management
REPORT,rosi_teller_balance_by_cage_report_per_community,RTBBCRPC,"Chase_Field, Harrahs_Ak_Chin, Arizona_Downs",False,True,False,get_current_date_6am,PdfHeader(),False,rosi_teller_balance_by_cage_report_all,,,,NJ_Prod,./scripts/WH/US_ALL/05_Queries/Report/Rosi/RPT_Rosi_Teller_Balance_By_Cage_Per_Community.sql,v2.6.1_1.9_1.0,AZ/Rosi_Teller_Balance_By_Cage_Per_Community/{ed_year}/{ed_month}/{ed_day}/Rosi-Teller-Balance-By-Cage-Report-{community}-{ed_month}-{ed_day}-{ed_year}.csv,Rosi Teller Balance By Cage Report,15 17 * * *,Etc/UTC,2024-08-26 15:15:00,83,,
REPORT,rosi_teller_balance_by_kiosk_report_all,RTBBKRA,,False,True,False,get_current_date_6am,PdfHeader(),False,business_activity,,,,NJ_Prod,./scripts/WH/US_ALL/05_Queries/Report/Rosi/Rosi_Generic_Reporting/RPT_Rosi_Teller_Balance_By_Kiosk_All.sql,v2.6.1_1.9_1.0,AZ/Rosi_Teller_Balance_By_Kiosk_All/{ed_year}/{ed_month}/{ed_day}/Rosi-Teller-Balance-By-Kiosk-Report-All-AZ-{ed_month}-{ed_day}-{ed_year}.csv,Rosi Teller Balance By Kiosk Report All,0 16 * * *,Etc/UTC,2024-12-13 15:00:00,84,,
REPORT,rosi_teller_balance_by_kiosk_report_per_community,RTBBKRPC,"Chase_Field, Harrahs_Ak_Chin, Arizona_Downs",False,True,False,get_current_date_6am,PdfHeader(),False,rosi_teller_balance_by_kiosk_report_all,,,,NJ_Prod,./scripts/WH/US_ALL/05_Queries/Report/Rosi/RPT_Rosi_Teller_Balance_By_Kiosk_Per_Community.sql,v2.6.1_1.9_1.0,AZ/Rosi_Teller_Balance_By_Kiosk_Per_Community/{ed_year}/{ed_month}/{ed_day}/Rosi-Teller-Balance-By-Kiosk-Report-{community}-{ed_month}-{ed_day}-{ed_year}.csv,Rosi Teller Balance By Kiosk Report,15 17 * * *,Etc/UTC,2024-08-26 15:15:00,85,,
REPORT,rosi_teller_balance_report_all,RTBRA,,False,True,False,get_current_date_6am,PdfHeader(),False,"business_activity, account, account_balance, running_account_balance",,,,NJ_Prod,./scripts/WH/US_ALL/05_Queries/Report/Rosi/Rosi_Generic_Reporting/RPT_Rosi_Teller_Balance_All.sql,v2.6.1_1.9_1.0,AZ/Report-Rosi-Teller-Balance-Report-All/{ed_year}/{ed_month}/{ed_day}/Rosi-Teller-Balance-Report-All-AZ-{ed_month}-{ed_day}-{ed_year}.csv,Rosi Teller Balance Report All,0 16 * * *,Etc/UTC,2024-12-13 15:00:00,86,,
REPORT,rosi_teller_balance_report_per_community,RTBRPC,"Chase_Field, Harrahs_Ak_Chin, Arizona_Downs",False,True,False,get_current_date_6am,PdfHeader(),False,rosi_teller_balance_report_all,,,,NJ_Prod,./scripts/WH/US_ALL/05_Queries/Report/Rosi/RPT_Rosi_Teller_Balance_Per_Community.sql,v2.6.1_1.9_1.0,AZ/Rosi_Teller_Balance_Per_Community/{ed_year}/{ed_month}/{ed_day}/Rosi-Teller-Balance-Report-{community}-{ed_month}-{ed_day}-{ed_year}.csv,Rosi Teller Balance Report,15 17 * * *,Etc/UTC,2024-08-26 15:15:00,87,,
REPORT,rosi_voucher_weekly_all,RVWA,,False,True,False,get_current_week_6am,PdfHeader(),False,"voucher, businessactivity",,,,NJ_Prod,./scripts/WH/US_ALL/05_Queries/Report/Rosi/RPT_Rosi_Voucher_Weekly_All.sql,v2.6.1_1.9_1.0,AZ/Rosi_Voucher_Weekly_All/{ed_year}/{ed_month}/{ed_day}/Rosi-Voucher-Weekly-Report-AZ-{ed_month}-{ed_day}-{ed_year}.csv,Rosi Voucher Weekly Report All,0 15 * * 1,Etc/UTC,2024-12-13 15:00:00,88,,
SENSOR,voucher,VS,,,,,get_current_week_6am,,,,,,,NJ_Prod,"SELECT ""Audit"".is_etl_completed('{{ DataSetNm }}',                                 '{{ SourceSystemCd }}',                                 '{{ To_date }}') as is_completed;",,,,0 15 * * 1,Etc/UTC,,89,voucher,ROSI
REPORT,rosi_voucher_weekly_per_community,RVWPC,"Chase_Field, Harrahs_Ak_Chin, Arizona_Downs",False,True,False,get_current_week_6am,PdfHeader(),False,rosi_voucher_weekly_all,,,,NJ_Prod,./scripts/WH/US_ALL/05_Queries/Report/Rosi/RPT_Rosi_Voucher_Weekly_Per_Community.sql,v2.6.1_1.9_1.0,AZ/Rosi_Voucher_Weekly_Per_Community/{ed_year}/{ed_month}/{ed_day}/Rosi-Voucher-Weekly-Report-{community}-{ed_month}-{ed_day}-{ed_year}.csv,Rosi Voucher Weekly Report,15 15 * * 1,Etc/UTC,2024-08-26 15:15:00,90,,
REPORT,rosi_vouchers_created_all,RVCA,,False,True,False,get_current_date_6am,PdfHeader(),False,"business_activity, voucher",,,,NJ_Prod,./scripts/WH/US_ALL/05_Queries/Report/Rosi/Rosi_Generic_Reporting/RPT_Rosi_Vouchers_Created_All.sql,v2.6.1_1.9_1.0,AZ/Rosi_Vouchers_Created_All/{ed_year}/{ed_month}/{ed_day}/rosi-vouchers-created-report-All-AZ-{ed_month}-{ed_day}-{ed_year}.csv,Vouchers Created Report All,0 16 * * *,Etc/UTC,2024-12-13 15:00:00,91,,
REPORT,rosi_vouchers_created_per_community,RVCPC,"Chase_Field, Harrahs_Ak_Chin, Arizona_Downs",False,True,False,get_current_date_6am,PdfHeader(),False,rosi_vouchers_created_all,,,,NJ_Prod,./scripts/WH/US_ALL/05_Queries/Report/Rosi/RPT_Rosi_Vouchers_Created_Per_Community.sql,v2.6.1_1.9_1.0,AZ/Rosi_Vouchers_Created_Per_Community/{ed_year}/{ed_month}/{ed_day}/rosi-vouchers-created-report-{community}-{ed_month}-{ed_day}-{ed_year}.csv,Vouchers Created Report,15 17 * * *,Etc/UTC,2024-08-26 15:15:00,92,,
REPORT,rosi_vouchers_expired_all,RVEA,,False,True,False,get_current_date_6am,PdfHeader(),False,"business_activity, voucher",,,,NJ_Prod,./scripts/WH/US_ALL/05_Queries/Report/Rosi/Rosi_Generic_Reporting/RPT_Rosi_Vouchers_Expired_All.sql,v2.6.1_1.9_1.0,AZ/Rosi_Vouchers_Expired_All/{ed_year}/{ed_month}/{ed_day}/rosi-vouchers-expired-report-All-AZ-{ed_month}-{ed_day}-{ed_year}.csv,Vouchers Expired Report All,0 16 * * *,Etc/UTC,2024-12-13 15:00:00,93,,
REPORT,rosi_vouchers_expired_per_community,RVEPC,"Chase_Field, Harrahs_Ak_Chin, Arizona_Downs",False,True,False,get_current_date_6am,PdfHeader(),False,rosi_vouchers_expired_all,,,,NJ_Prod,./scripts/WH/US_ALL/05_Queries/Report/Rosi/RPT_Rosi_Vouchers_Expired_Per_Community.sql,v2.6.1_1.9_1.0,AZ/Rosi_Vouchers_Expired_Per_Community/{ed_year}/{ed_month}/{ed_day}/rosi-vouchers-expired-report-{community}-{ed_month}-{ed_day}-{ed_year}.csv,Vouchers Expired Report,15 17 * * *,Etc/UTC,2024-08-26 15:15:00,94,,
REPORT,rosi_vouchers_paidout_all,RVPA,,False,True,False,get_current_date_6am,PdfHeader(),False,"business_activity, voucher",,,,NJ_Prod,./scripts/WH/US_ALL/05_Queries/Report/Rosi/Rosi_Generic_Reporting/RPT_Rosi_Vouchers_PaidOut_All.sql,v2.6.1_1.9_1.0,AZ/Rosi_Vouchers_PaidOut_All/{ed_year}/{ed_month}/{ed_day}/rosi-vouchers-paidout-report-AZ-{ed_month}-{ed_day}-{ed_year}.csv,Vouchers Paidout Report All,0 16 * * *,Etc/UTC,2024-12-13 15:00:00,95,,
REPORT,rosi_vouchers_paidout_per_community,RVPPC,"Chase_Field, Harrahs_Ak_Chin, Arizona_Downs",False,True,False,get_current_date_6am,PdfHeader(),False,rosi_vouchers_paidout_all,,,,NJ_Prod,./scripts/WH/US_ALL/05_Queries/Report/Rosi/RPT_Rosi_Vouchers_PaidOut_Per_Community.sql,v2.6.1_1.9_1.0,AZ/Rosi_Vouchers_PaidOut_Per_Community/{ed_year}/{ed_month}/{ed_day}/rosi-vouchers-paidout-report-{community}-{ed_month}-{ed_day}-{ed_year}.csv,Vouchers Paidout Report,15 17 * * *,Etc/UTC,2024-08-26 15:15:00,96,,
REPORT,rosi_vouchers_unpaid_all,RVUA,,False,True,False,get_current_date_6am,PdfHeader(),False,"business_activity, voucher, voucher_audit",,,,NJ_Prod,./scripts/WH/US_ALL/05_Queries/Report/Rosi/Rosi_Generic_Reporting/RPT_Rosi_Vouchers_Unpaid_All.sql,v2.6.1_1.9_1.0,AZ/Rosi_Vouchers_Unpaid_All/{ed_year}/{ed_month}/{ed_day}/rosi-vouchers-unpaid-report-All-AZ-{ed_month}-{ed_day}-{ed_year}.csv,Vouchers Unpaid Report All,0 16 * * *,Etc/UTC,2024-12-13 15:00:00,97,,
SENSOR,voucher_audit,VAS,,,,,get_current_date_6am,,,,,,,NJ_Prod,"call ""Audit"".IS_ROSI_INGESTION_COMPLETE('{{DomainCd}}', REPLACE('{{SourceSystemCd}}', '_{{ state }}', ''), '{{ DataSetNm }}' , '{{To_date}}','{{DomainCd}}');",,,,0 16 * * *,Etc/UTC,,98,voucher_audit,money_management
REPORT,rosi_vouchers_unpaid_per_community,RVUPC,"Chase_Field, Harrahs_Ak_Chin, Arizona_Downs",False,True,False,get_current_date_6am,PdfHeader(),False,rosi_vouchers_unpaid_all,,,,NJ_Prod,./scripts/WH/US_ALL/05_Queries/Report/Rosi/RPT_Rosi_Vouchers_Unpaid_Per_Community.sql,v2.6.1_1.9_1.0,AZ/Rosi_Vouchers_Unpaid_Per_Community/{ed_year}/{ed_month}/{ed_day}/rosi-vouchers-unpaid-report-{community}-{ed_month}-{ed_day}-{ed_year}.csv,Vouchers Unpaid Report,15 17 * * *,Etc/UTC,2024-08-26 15:15:00,99,,
REPORT,sports_pool_cancelled_ticket_report_bop,SPCTRB,,False,True,False,get_current_date_6am,PdfHeader(),False,generic_reporting.az_004.recon_check,,,,SDP,./scripts/WH/US_ALL/05_Queries/Reports_BOP/BE/Daily/RPT_06_Sports_Pool_Cancelled_Report.sql,v2.6.1_1.9_1.0,AZ/Sports_Pool_Cancelled_Ticket/{ed_year}/{ed_month}/{ed_day}/sports-pool-cancelled-ticket-report-{fd_year}-{fd_month}-{fd_day}.csv,Sports Pool Cancelled Report,5 17 * * *,Etc/UTC,2025-03-01 15:05:00,100,,
REPORT,sports_pool_digital_recap_report_bop,SPDRRB,,False,True,False,get_current_date_6am,PdfHeader(),False,generic_reporting.az_004.recon_check,,,,SDP,./scripts/WH/US_ALL/05_Queries/Reports_BOP/BE/Daily/RPT_04_Digital_Daily_Recap_Report.sql,v2.6.1_1.9_1.0,AZ/Sports_Pool_Digital_Recap/{ed_year}/{ed_month}/{ed_day}/sports-pool-digital-recap-report-{fd_year}-{fd_month}-{fd_day}.csv,Sports Pool Digital Recap Report,5 17 * * *,Etc/UTC,2025-03-01 15:05:00,101,,
REPORT,sports_pool_digital_recap_report_month_to_date_bop,SPDRRMTDB,,False,True,False,get_current_month_to_date_6am,PdfHeader(),False,sports_pool_digital_recap_report_bop,,,,SDP,./scripts/WH/US_ALL/05_Queries/Reports_BOP/BE/Monthly/RPT_04_Digital_Daily_Recap_Report_MTD.sql,v2.6.1_1.9_1.0,AZ/Sports_Pool_Digital_Recap_Month_To_Date/{ed_year}/{ed_month}/{ed_day}/sports-pool-digital-recap-report-month-to-date-{fd_year}-{fd_month}-{fd_day}-to-{ed_year}-{ed_month}-{ed_day}.csv,Sports Pool Digital Recap Report Month To Date,35 17 * * *,Etc/UTC,2025-03-01 15:35:00,102,,
REPORT,sports_pool_digital_recap_report_month_to_date_per_community_bop,SPDRRMTDPCB,"Default_and_William_Hill_Mobile_(AZ), Chase_Field, Harrahs_Ak_Chin, Arizona_Downs",False,True,False,get_current_month_to_date_6am,PdfHeader(),False,sports_pool_digital_recap_report_bop,,,,SDP,./scripts/WH/US_ALL/05_Queries/Reports_BOP/BE/Monthly/RPT_04_DIGITAL_RECAP_REPORT_MTD_PER_COMMUNITY.sql,v2.6.1_1.9_1.0,AZ/Sports_Pool_Digital_Recap_Month_To_Date_Per_Community/{ed_year}/{ed_month}/{ed_day}/sports-pool-digital-recap-report-{community}-month-to-date-{fd_year}-{fd_month}-{fd_day}-to-{ed_year}-{ed_month}-{ed_day}.csv,Sports Pool Digital Recap Report Month To Date,35 17 * * *,Etc/UTC,2025-03-01 15:35:00,103,,
REPORT,sports_pool_event_results_report,SPERR,,False,True,False,get_current_date_6am,CsvHeader(),False,generic_reporting.az_004.recon_check,,,,NJ_Prod,./scripts/WH/US_ALL/05_Queries/Reports_SportBonus/RPT_01_Sport_Pool_Event_Results_Report_AZ.sql,v2019.12.186777.0,AZ/Sports_Pool_Events_Results/{ed_year}/{ed_month}/{ed_day}/sports-pool-events-results-report-all-{fd_year}-{fd_month}-{fd_day}.csv,Sports Pool Event Results Report,45 17 * * *,Etc/UTC,2024-11-29 15:05:00,104,,
REPORT,sports_pool_resettlement_report_bop,SPRRB,,False,True,False,get_current_date_6am,PdfHeader(),False,generic_reporting.az_004.recon_check,,,,SDP,./scripts/WH/US_ALL/05_Queries/Reports_BOP/BE/Daily/RPT_08_SP_RESETTLEMENT.sql,v2.6.1_1.9_1.0,AZ/Sports_Pool_Resettlement_Ticket/{ed_year}/{ed_month}/{ed_day}/sports-pool-resettlement-ticket-report-{fd_year}-{fd_month}-{fd_day}.csv,Sports Pool Resettlement Report,5 17 * * *,Etc/UTC,2025-03-01 15:05:00,105,,
REPORT,sports_pool_resettlement_report_bop_month_to_date,SPRRBMTD,,False,True,False,get_current_month_to_date_6am,PdfHeader(),False,sports_pool_resettlement_report_bop,,,,SDP,./scripts/WH/US_ALL/05_Queries/Reports_BOP/BE/Daily/RPT_08_SP_RESETTLEMENT.sql,v2.6.1_1.9_1.0,AZ/Sports_Pool_Resettlement_Ticket_Month_To_Date/{ed_year}/{ed_month}/{ed_day}/sports-pool-resettlement-ticket-month-to-date-report-{fd_year}-{fd_month}-{fd_day}-to-{ed_year}-{ed_month}-{ed_day}.csv,Sports Pool Resettlement Month To Date Report,5 17 * * *,Etc/UTC,2025-03-01 15:05:00,106,,
REPORT,sports_pool_resettlement_report_bop_year_to_date,SPRRBYTD,,False,True,False,get_current_year_to_date_6am,PdfHeader(),False,sports_pool_resettlement_report_bop,,,,SDP,./scripts/WH/US_ALL/05_Queries/Reports_BOP/BE/Daily/RPT_08_SP_RESETTLEMENT.sql,v2.6.1_1.9_1.0,AZ/Sports_Pool_Resettlement_Ticket_Year_To_Date/{ed_year}/{ed_month}/{ed_day}/sports-pool-resettlement-ticket-year-to-date-report-{fd_year}-{fd_month}-{fd_day}-to-{ed_year}-{ed_month}-{ed_day}.csv,Sports Pool Resettlement Year To Date Report,5 17 * * *,Etc/UTC,2025-03-01 15:05:00,107,,
REPORT,sports_pool_results_report_bop,SPRRBP,,False,True,False,get_current_date_6am,PdfHeader(),False,generic_reporting.az_004.recon_check,,,,SDP,./scripts/WH/US_ALL/05_Queries/Reports_BOP/BE/Daily/RPT_11_RESULTS_REPORT_SPORT.sql,v2.6.1_1.9_1.0,AZ/Sports_Pool_Results/{ed_year}/{ed_month}/{ed_day}/sports-pool-results-ticket-report-{fd_year}-{fd_month}-{fd_day}.csv,Sports Pool Results Report,5 17 * * *,Etc/UTC,2025-03-01 15:05:00,108,,
REPORT,sports_pool_results_report_categorized_bop,SPRRCB,,False,True,False,get_current_date_6am,PdfHeader(),False,"sports_pool_results_report_bop, digital_sport_pool_transaction_feed",,,,SDP,./scripts/WH/US_ALL/05_Queries/Reports_BOP/BE/Daily/RPT_12_RESULTS_REPORT_CATRGORIZED_SPORT.sql,v2.6.1_1.9_1.0,AZ/Sports_Pool_Results_Categorized/{ed_year}/{ed_month}/{ed_day}/sports-pool-results-ticket-report-categorized-{fd_year}-{fd_month}-{fd_day}.csv,Retail Sports Pool Results Report Categorized,5 17 * * *,Etc/UTC,2025-03-01 15:05:00,109,,
SENSOR,digital_sport_pool_transaction_feed,DSPTFS,,,,,get_current_date_6am,,,,,,,SDP,"SELECT (SELECT case when max(ifnull(ifnull(""SETTLED_AT_LOCAL"",""PLACED_AT_LOCAL""), w.""SYSTEM_UPDATE_DATETIME"")) > '{{ To_date }}' then true                     else false end         FROM   sdp.core.bet w join sdp.core.domain d                 ON w.domain_id = d.domain_id         WHERE  domain_code = '{{ DomainCd }}')    and (SELECT case when max(""MESSAGE_TIME_LOCAL"") > '{{ To_date }}' then true                  else false end      FROM   sdp.core.bet_asset_flow w join sdp.core.domain d              ON w.domain_id = d.domain_id      WHERE  domain_code = '{{ DomainCd }}')    and (SELECT sdp.audit.is_etl_completed(' DIGITAL_SPORT_POOL_TRANSACTION_FEED ',                                        '{{ DomainCd }}',                                        '{{ To_date }}')) ;",,,,5 17 * * *,Etc/UTC,,110,digital_sport_pool_transaction_feed,AZ
REPORT,sports_pool_results_report_categorized_month_to_date_bop,SPRRCMTDB,,False,True,False,get_current_month_to_date_6am,PdfHeader(),False,sports_pool_results_report_bop,,,,NJ_Prod,./scripts/WH/US_ALL/05_Queries/Reports_BOP/BE/Monthly/RPT_12_RESULTS_REPORT_CATEGORIZED_SPORT.sql,v2.6.1_1.9_1.0,AZ/Sports_Pool_Results_Categorized_Month_To_Date/{ed_year}/{ed_month}/{ed_day}/sports-pool-results-ticket-report-categorized-month-to-date-{fd_year}-{fd_month}-{fd_day}-to-{ed_year}-{ed_month}-{ed_day}.csv,Sports Pool Results Categorized Month To Date Report,35 17 * * *,Etc/UTC,2025-03-01 15:35:00,111,,
REPORT,sports_pool_results_report_month_to_date_bop,SPRRMTDB,,False,True,False,get_current_month_to_date_6am,PdfHeader(),False,sports_pool_results_report_bop,,,,NJ_Prod,./scripts/WH/US_ALL/05_Queries/Reports_BOP/BE/Monthly/RPT_11_RESULTS_REPORT_SPORT.sql,v2.6.1_1.9_1.0,AZ/Sports_Pool_Results_Month_To_Date/{ed_year}/{ed_month}/{ed_day}/sports-pool-results-ticket-month-to-date-report-{fd_year}-{fd_month}-{fd_day}-to-{ed_year}-{ed_month}-{ed_day}.csv,Sports Pool Results Report Month To Date,35 17 * * *,Etc/UTC,2025-03-01 15:35:00,112,,
REPORT,sports_pool_transaction_report_bop,SPTRB,,False,True,False,get_current_date_6am,PdfHeader(),False,generic_reporting.az_004.recon_check,,,,SDP,./scripts/WH/US_ALL/05_Queries/Reports_BOP/BE/Daily/RPT_01_Sport_Transaction.sql,v2.6.1_1.9_1.0,AZ/Sport_Pool_Transaction/{ed_year}/{ed_month}/{ed_day}/sport-pool-transaction-report-{fd_year}-{fd_month}-{fd_day}.csv,Sports Pool Transaction Report,5 17 * * *,Etc/UTC,2025-03-01 15:05:00,113,,
REPORT,sports_pool_voided_ticket_report_bop,SPVTRB,,False,True,False,get_current_date_6am,PdfHeader(),False,generic_reporting.az_004.recon_check,,,,SDP,./scripts/WH/US_ALL/05_Queries/Reports_BOP/BE/Daily/RPT_07_Sports_Voided_Ticket.sql,v2.6.1_1.9_1.0,AZ/Sports_Pool_Voided_Ticket/{ed_year}/{ed_month}/{ed_day}/sports-pool-voided-ticket-report-{fd_year}-{fd_month}-{fd_day}.csv,Sports Pool Voided Report,5 17 * * *,Etc/UTC,2025-03-01 15:05:00,114,,
REPORT,tax_reportable_win,TRW,,False,True,False,get_current_date,PdfHeader(),False,tax_reportable_win_feed,{ 'ssn': None },bop_kms,,SDP,./scripts/WH/US_ALL/05_Queries/Reports_BOP/BOP/RPT_09_TAX_REPORTABLE_WIN.sql,v2020.03.206459.0,AZ/Tax_Reportable_Win_Report/{ed_year}/{ed_month}/{ed_day}/WH_Tax_Reportable_Win_Report_{fd_month}-{fd_day}-{fd_year}.csv,Tax Reportable Win Report,20 16 * * *,Etc/UTC,2024-12-18 15:20:00,115,,
SENSOR,tax_reportable_win_feed,TRWFS,,,,,get_current_date,,,,,,,SDP,"SELECT (SELECT case when max(""LAST_UPDATE_PLAYER_EVENT_CREATE_TIMESTAMP_LOCAL"") > '{{ To_date }}' then true                     else false end         FROM   sdp.core.customer_account c join sdp.core.domain d                 ON c.domain_id = d.domain_id         WHERE  domain_code = '{{ DomainCd }}')    and (SELECT case when max(""TRANSACTION_INSERT_LOCAL_TIME"") > '{{ To_date }}' then true                  else false end      FROM   sdp.core.wallet_transaction w join sdp.core.domain d              ON w.domain_id = d.domain_id      WHERE  domain_code = '{{ DomainCd }}')    and (SELECT sdp.audit.is_etl_completed('TAX_REPORTABLE_WIN_FEED',                                        '{{ DomainCd }}',                                        '{{ To_date }}'))  ;",,,,20 16 * * *,Etc/UTC,,116,tax_reportable_win_feed,AZ
REPORT,tax_reportable_win_month_to_date,TRWMTD,,False,True,False,get_current_month_to_date_6am,PdfHeader(),False,tax_reportable_win,{ 'ssn': None },bop_kms,,SDP,./scripts/WH/US_ALL/05_Queries/Reports_BOP/BOP/RPT_09_TAX_REPORTABLE_WIN.sql,v2020.03.206459.0,AZ/Tax_Reportable_Win_Monthly_Report/{ed_year}/{ed_month}/{ed_day}/WH_Tax_Reportable_Win_Monthly_Report_{fd_month}-{fd_day}-{fd_year}.csv,Tax Reportable Win Monthly Report,20 16 * * *,Etc/UTC,2024-12-18 15:20:00,117,,
REPORT,tax_reportable_win_year_to_date,TRWYTD,,False,True,False,get_current_year_to_date_6am,PdfHeader(),False,tax_reportable_win,{ 'ssn': None },bop_kms,,SDP,./scripts/WH/US_ALL/05_Queries/Reports_BOP/BOP/RPT_09_TAX_REPORTABLE_WIN.sql,v2020.03.206459.0,AZ/Tax_Reportable_Win_Yearly_Report/{ed_year}/{ed_month}/{ed_day}/WH_Tax_Reportable_Win_Yearly_Report_{fd_month}-{fd_day}-{fd_year}.csv,Tax Reportable Win Yearly Report,20 16 * * *,Etc/UTC,2024-12-18 15:20:00,118,,
REPORT,taxable_handle_recap_vs_trans_month_to_date_report_bop,THRVTMTDRB,,False,True,False,get_current_month_to_date_6am,CsvHeader(),False,taxable_handle_recap_vs_trans_report_bop,,,,SDP,./scripts/WH/US_ALL/05_Queries/Report_Variances/TaxableHandle_Recap_Trans_bop_MTD.sql,v2023.12.1_1.9_1.0,AZ/TaxableHandleRecapVsTrans_Month_To_Date/{ed_year}/{ed_month}/{ed_day}/TaxableHandleRecapVsTrans_Month_To_Date_Report_{fd_month}-{fd_day}-{fd_year}.csv,Taxable Handle Recapvstrans,35 17 * * *,Etc/UTC,2025-03-01 15:35:00,119,,
REPORT,taxable_handle_recap_vs_trans_report_bop,THRVTRB,,False,True,False,get_current_date_6am,CsvHeader(),False,generic_reporting.az_004.recon_check,,,,SDP,./scripts/WH/US_ALL/05_Queries/Report_Variances/TaxableHandle_Recap_Trans_bop.sql,v2023.12.1_1.9_1.0,AZ/Taxable_Handle_Recap_Vs_Trans/{ed_year}/{ed_month}/{ed_day}/Taxable_handle_recap_vs_trans_report_{fd_month}-{fd_day}-{fd_year}.csv,Taxable Handle Recapvstrans,5 17 * * *,Etc/UTC,2025-03-01 15:05:00,120,,
REPORT,ticket_count_report,TCR,,False,True,False,get_current_date_6am,CsvHeader(),False,generic_reporting.az_004.recon_check,,,,SDP,./scripts/WH/US_ALL/05_Queries/Reports_BOP/DigitalRetail/MS/RPT_Ticket_Count.sql,v2.6.1_1.9_1.0,AZ/Ticket_Count_Report/{ed_year}/{ed_month}/{ed_day}/ticket-count-report-{fd_year}-{fd_month}-{fd_day}.csv,Ticket Count Report,45 17 * * *,Etc/UTC,2024-11-29 15:05:00,121,,
REPORT,wagering_summary_report_bop,WSRB,,False,True,False,get_current_date_6am,PdfHeader(),False,generic_reporting.az_004.recon_check,,,,SDP,./scripts/WH/US_ALL/05_Queries/Reports_BOP/BOP/RPT_08_WAGERING_SUMMARY.sql,v2020.03.206459.0,AZ/WageringSummary/{ed_year}/{ed_month}/{ed_day}/WH_WageringSummary_Report_{fd_month}-{fd_day}-{fd_year}.csv,Wagering Summary Report,5 17 * * *,Etc/UTC,2025-03-01 15:05:00,122,,
REPORT,wagering_summary_report_bop_month_to_date,WSRBMTD,,False,True,False,get_current_month_to_date_6am,PdfHeader(),False,wagering_summary_report_bop,,,,SDP,./scripts/WH/US_ALL/05_Queries/Reports_BOP/BOP/Monthly/RPT_08_WAGERING_SUMMARY.sql,v2.6.1_1.9_1.0,AZ/WH_WageringSummary_Month_To_Date/{ed_year}/{ed_month}/{ed_day}/WH_WageringSummary_Month_To_Date_Report_{fd_year}-{fd_month}-{fd_day}-to-{ed_year}-{ed_month}-{ed_day}.csv,Wagering Summary Month To Date Report,35 17 * * *,Etc/UTC,2025-03-01 15:35:00,123,,
REPORT,wallet_transactions_report,WTR,,False,True,False,get_current_date,CsvHeader(),False,daily_transaction_mart_data_feed,,,,SDP,./scripts/WH/US_ALL/05_Queries/Reports_BOP/BOP/RPT_10_WALLET_TRANSACTIONS.sql,v2020.03.206459.0,AZ/Wallet_Transactions_Report/{ed_year}/{ed_month}/{ed_day}/WH_Wallet_Transactions_Report_{fd_month}-{fd_day}-{fd_year}.csv,Wallet Transactions Report,5 17 * * *,Etc/UTC,2025-03-01 15:05:00,124,,
REPORT,sports_pool_voided_ticket_report_year_to_date_bop,SPVTRYTDB,,False,True,False,get_current_year_to_date_6am,PdfHeader(),False,sports_pool_voided_ticket_report_bop,,,,SDP,./scripts/WH/US_ALL/05_Queries/Reports_BOP/BE/Monthly/RPT_07_Sports_Voided_Ticket.sql,v2.6.1_1.9_1.0,AZ/Sports_Pool_Voided_Ticket_Year_To_Date/{ed_year}/{ed_month}/{ed_day}/sports-pool-voided-ticket-report-year-to-date-{fd_year}-{fd_month}-{fd_day}-to-{ed_year}-{ed_month}-{ed_day}.csv,Sports Pool Voided Year To Date Report,35 17 * * *,Etc/UTC,2025-07-01 16:35:00,125,,
REPORT,sports_pool_voided_ticket_report_month_to_date_bop,SPVTRMTDB,,False,True,False,get_current_month_to_date_6am,PdfHeader(),False,sports_pool_voided_ticket_report_bop,,,,SDP,./scripts/WH/US_ALL/05_Queries/Reports_BOP/BE/Monthly/RPT_07_Sports_Voided_Ticket.sql,v2.6.1_1.9_1.0,AZ/Sports_Pool_Voided_Ticket_Month_To_Date/{ed_year}/{ed_month}/{ed_day}/sports-pool-voided-ticket-report-month-to-date-{fd_year}-{fd_month}-{fd_day}-to-{ed_year}-{ed_month}-{ed_day}.csv,Sports Pool Voided Month To Date Report,35 17 * * *,Etc/UTC,2025-07-01 16:35:00,126,,
REPORT,sports_pool_cancelled_ticket_report_year_to_date_bop,SPCTRYTDB,,False,True,False,get_current_year_to_date_6am,PdfHeader(),False,sports_pool_cancelled_ticket_report_bop,,,,SDP,./scripts/WH/US_ALL/05_Queries/Reports_BOP/BE/Monthly/RPT_06_Sports_Pool_Cancelled_Report.sql,v2.6.1_1.9_1.0,AZ/Sports_Pool_Cancelled_Ticket_Year_To_Date/{ed_year}/{ed_month}/{ed_day}/sports-pool-cancelled-ticket-year-to-date-report-{fd_year}-{fd_month}-{fd_day}-to-{ed_year}-{ed_month}-{ed_day}.csv,Sports Pool Cancelled Year To Date Report,35 17 * * *,Etc/UTC,2025-07-01 16:35:00,127,,
REPORT,sports_pool_cancelled_ticket_report_month_to_date_bop,SPCTRMTDB,,False,True,False,get_current_month_to_date_6am,PdfHeader(),False,sports_pool_cancelled_ticket_report_bop,,,,SDP,./scripts/WH/US_ALL/05_Queries/Reports_BOP/BE/Monthly/RPT_06_Sports_Pool_Cancelled_Report.sql,v2.6.1_1.9_1.0,AZ/Sports_Pool_Cancelled_Ticket_Month_To_Date/{ed_year}/{ed_month}/{ed_day}/sports-pool-cancelled-ticket-month-to-date-report-{fd_year}-{fd_month}-{fd_day}-to-{ed_year}-{ed_month}-{ed_day}.csv,Sports Pool Cancelled Month To Date Report,35 17 * * *,Etc/UTC,2025-07-01 16:35:00,128,,
REPORT,retail_recap_all_report_life_time_to_date,RRARLTTD,,False,True,True,get_current_date_6am,PdfHeader(),False,retail_recap_all_report,,,,SDP,./scripts/WH/US_ALL/05_Queries/Reports_BOP/Retail/Monthly/RPT_Retail_All_Recap_LTD.sql,v2.6.1_1.9_1.0,AZ/Retail_Recap_All_Life_Time_To_Date/{ed_year}/{ed_month}/{ed_day}/sports-pool-retail-recap-all-report-life-time-to-date-{ed_year}-{ed_month}-{ed_day}.csv,Retail Sports Pool Recap Report Life Time To Date,35 17 * * *,Etc/UTC,2024-11-29 15:35:00,129,,
REPORT,retail_sports_pool_voided_ticket_report_month_to_date,RSPVTRMTD,,False,True,False,get_current_month_to_date_6am,PdfHeader(),False,"retail_sports_pool_voided_ticket_report, retail_recap_bets",,,,SDP,./scripts/WH/US_ALL/05_Queries/Reports_BOP/Retail/Monthly/RPT_Retail_Sports_Voided_Ticket_MTD.sql,v2.6.1_1.9_1.0,AZ/Retail_Sports_Pool_Voided_Ticket_Month_To_Date/{ed_year}/{ed_month}/{ed_day}/retail-sports-pool-voided-ticket-report-{fd_year}-{fd_month}-{fd_day}-to-{ed_year}-{ed_month}-{ed_day}.csv,Retail Sports Pool Voided Report MTD,5 17 * * *,Etc/UTC,2024-11-29 15:05:00,130,,
REPORT,retail_sports_pool_voided_ticket_report_month_to_date_per_community,RSPVTRMTDPC,"Chase_Field, Harrahs_Ak_Chin, Arizona_Downs",False,True,False,get_current_month_to_date_6am,PdfHeader(),False,retail_sports_pool_voided_ticket_report,,,,SDP,./scripts/WH/US_ALL/05_Queries/Reports_BOP/Retail/Monthly/RPT_Retail_Sports_Voided_Ticket_MTD_Per_Community.sql,v2.6.1_1.9_1.0,AZ/Retail_Sports_Pool_Voided_Ticket_Month_To_Date_Per_Community/{ed_year}/{ed_month}/{ed_day}/retail-sports-pool-voided-ticket-report-{community}-month-to-date-{fd_year}-{fd_month}-{fd_day}-to-{ed_year}-{ed_month}-{ed_day}-{ed_year}.csv,Retail Sports Pool Voided Report Per Community MTD,5 17 * * *,Etc/UTC,2024-11-29 15:05:00,131,,
REPORT,retail_sports_pool_cancelled_ticket_report_month_to_date,RSPCTRMTD,,False,True,False,get_current_month_to_date_6am,PdfHeader(),False,"retail_sports_pool_cancelled_ticket_report, retail_recap_bets",,,,SDP,./scripts/WH/US_ALL/05_Queries/Reports_BOP/Retail/Monthly/RPT_Retail_Cancelled_Ticket_MTD.sql,v2.6.1_1.9_1.0,AZ/Retail_Sports_Pool_Cancelled_Ticket_MTD/{ed_year}/{ed_month}/{ed_day}/retail-sports-pool-cancelled-ticket-report-month-to-date-{fd_year}-{fd_month}-{fd_day}-to-{ed_year}-{ed_month}-{ed_day}.csv,Retail Sports Pool Cancelled Report MTD,5 17 * * *,Etc/UTC,2024-11-29 15:05:00,132,,
REPORT,retail_sports_pool_cancelled_ticket_report_month_to_date_per_community,RSPCTRMTDPC,"Chase_Field, Harrahs_Ak_Chin, Arizona_Downs",False,True,False,get_current_month_to_date_6am,PdfHeader(),False,retail_sports_pool_cancelled_ticket_report,,,,SDP,./scripts/WH/US_ALL/05_Queries/Reports_BOP/Retail/Monthly/RPT_Retail_Cancelled_Ticket_MTD_Per_Community.sql,v2.6.1_1.9_1.0,AZ/Retail_Sports_Pool_Cancelled_Ticket_Month_To_Date_Per_Community/{ed_year}/{ed_month}/{ed_day}/retail-sports-pool-cancelled-ticket-report-{community}-month-to-date-{fd_year}-{fd_month}-{fd_day}-to-{ed_year}-{ed_month}-{ed_day}-{ed_year}.csv,Retail Sports Pool Cancelled Report Per Community MTD,5 17 * * *,Etc/UTC,2024-11-29 15:05:00,133,,
